id,pmid,title,journal,year,type,impact,authors,doi,abstract,created_at,updated_at,visible,display_order,photo_url
20559f47-a888-41fa-95ed-62f115603b19,40678221,"Comparative Analysis of Progression Milestones Across Parkinson's Disease Clinical, Pathological, and Data-driven Subtypes: A 10-year follow-up.",Research square,2025,Research Article,Medium Impact,"Negida A, Mukhopadhyay N, Berman B, Barrett M",10.21203/rs.3.rs-6574563/v1,"Parkinson's disease (PD) heterogeneity complicates disease-modification clinical trial design and lead to ambiguous results, necessitating robust subtyping frameworks to identify rapid progressors. This study compared progression milestones across previously defined clinical (tremor-dominant [TD], postural instability/gait difficulty [PIGD], indeterminate), pathological (brain-first, body-first), and data-driven (diffuse malignant [DM], intermediate [IM], mild motor-predominant [MMP]) PD subtypes. Using data from the Parkinson's Progression Markers Initiative (PPMI), we analyzed milestone attainment across six functional domains and performed competing risks regression. Randomized controlled trial sample size simulations evaluated the impact of subtyping on trial efficiency. Data-driven subtypes exhibited the highest progression rates, with DM patients attaining 50% of milestones, surpassing PIGD (43.0%) and body-first (42.0%) subtypes. Competing risks regression confirmed that DM patients had more than double the hazard of progression compared to MMP (SHR 2.02, 95% CI 1.49 to 2.75; P &lt; 0.001). Trial power simulations demonstrated that enrolling DM patients could reduce sample size requirements by approximately 50% using standard trial durations compared to unstratified PD cohorts. This analysis showed that data-driven subtyping, particularly the identification of the DM subtype, offers a promising strategy to optimize disease-modification trials in PD by capturing patients who meet progression milestones earlier.",2025-10-19 00:02:32.103382+00,2025-10-20 18:38:07.20068+00,t,0,https://dqzaibcefjcxrldrggwh.supabase.co/storage/v1/object/public/publication-photos/20559f47-a888-41fa-95ed-62f115603b19.png
a0e2612c-bd69-4f26-aca8-6a74b5f7d20f,40057880,Assessing the Efficacy of Spinal Cord Stimulation in Managing Painful Diabetic Neuropathy: A Systematic Review and Meta-Analysis.,Neuromodulation : journal of the International Neuromodulation Society,2025,Research Article,Medium Impact,"Abbas A, Abouelmagd M, El-Moslemani M, Diaa A, Samir A, et al.",10.1016/j.neurom.2025.01.016,"Diabetes mellitus affects more than half a billion people globally, often leading to painful diabetic neuropathy (PDN). Spinal cord stimulation (SCS) has emerged as a promising treatment for PDN.",2025-10-19 00:02:32.467201+00,2025-10-20 00:51:58.883198+00,f,0,
f2206a33-8976-4c06-9677-4abded5f7afe,39715964,Meta-analysis of the efficacy and safety of vamorolone in Duchenne muscular dystrophy.,Neurological sciences : official journal of the Italian Neurological Society and of the Italian Society of Clinical Neurophysiology,2025,Research Article,Medium Impact,"Ibrahim M, Abdelwahab O, Elawfi B, Ali F, Amro S, et al.",10.1007/s10072-024-07939-1,"Duchenne muscular dystrophy (DMD) is a severe neuromuscular disorder, often leading to wheelchair dependence by age 13 with limited treatment options, largely relying on glucocorticosteroids. We assessed the efficacy and safety of vamorolone, a modified synthetic corticosteroid, for DMD.",2025-10-19 00:02:32.704873+00,2025-10-20 00:51:59.134585+00,f,0,
89fed324-d495-4042-9825-3036e4963a06,40043330,Rates of discontinuation and non-publication of endovascular stroke clinical studies: A cross-sectional analysis.,Journal of clinical neuroscience : official journal of the Neurosurgical Society of Australasia,2025,Research Article,Medium Impact,"Alkhawaldeh I, Abdelhady M, Aljabali A, Abo-Elnour D, Elhalag R, et al.",10.1016/j.jocn.2025.111122,The discontinuation and non-publication of clinical studies in various medical fields undermine research efforts and may bias the medical evidence base. This study investigates the prevalence and factors associated with these issues in endovascular stroke studies.,2025-10-19 00:02:32.586094+00,2025-10-20 00:51:59.01058+00,f,0,
2440cd83-5eb2-416e-beaf-67dbe47007ae,40910967,Impact of Subthalamic Nucleus Deep Brain Stimulation on Gastrointestinal Symptoms and Gastric Emptying in Parkinson's Disease: A Systematic Review and Meta-Analysis.,Neuromodulation : journal of the International Neuromodulation Society,2025,Research Article,Medium Impact,"Abbas A, Sabet H, Hawas Y, Yousef O, Kassar O, et al.",10.1016/j.neurom.2025.07.005,This systematic review and meta-analysis evaluates the efficacy of bilateral subthalamic nucleus (STN) deep brain stimulation (DBS) in improving gastric motility in patients with Parkinson's disease (PD).,2025-10-19 00:02:31.847072+00,2025-10-20 00:51:58.276015+00,f,0,
4314808a-3066-4bfe-95fd-d7c70773a581,39532798,Efficacy and safety of transcranial direct current stimulation (tDCS) in treatment of refractory epilepsy: an updated systematic review and meta-analysis of randomized sham-controlled trials.,Neurological sciences : official journal of the Italian Neurological Society and of the Italian Society of Clinical Neurophysiology,2025,Research Article,Medium Impact,"Hawas Y, Abbas A, Alkhawaldeh I, Zeid M, Al Azzawi M, et al.",10.1007/s10072-024-07866-1,"Despite the currently available treatment, one-third of epilepsy patients continue to experience seizures. Transcranial direct current stimulation (tDCS) has emerged as a potential neuromodulation approach for the non-invasive treatment of refractory epilepsy. This study aims to provide a comprehensive investigation of the efficacy and safety of tDCS in patients with drug-resistant epilepsy. The following databases were searched from inception until June 2023; PubMed, Scopus, Embase, WOS, EBSCO, Cochrane Central, and Ovid MEDLINE. Pooled mean difference was calculated for change in seizure frequency (SF), and number of Interictal epileptiform discharges (IEDs) at different follow-up intervals. We included nine parallel randomized sham-controlled trials with a total of 267 patients. Active tDCS patients had a significantly lower SF per month at 4 and 8 weeks (MD = -4.06, 95% CI [-6.01 to -2.12], p&#x2009;&lt;&#x2009;0.0001), and (MD = -2.66, 95% CI [-5.09 to -0.23], p&#x2009;=&#x2009;0.03), respectively. However, weekly SF showed no statistically significant results at 4 weeks of follow-up. The IEDs were observed to significantly decline at 2, 4, and 8 weeks of follow-up. The reported adverse events were mild including mild itching and erythematous rash that resolved spontaneously. In conclusion, tDCS significantly reduced monthly SF and the number of IEDs. Future large RCTs with standard clear informed parameters are still required.",2025-10-19 00:02:33.252409+00,2025-10-20 00:51:59.62583+00,f,0,
6f063837-a7b3-4622-9e15-bb0130b56202,40687401,Patterns and predictors of cholinesterase inhibitor use in dementia with Lewy bodies.,Alzheimer's & dementia,2025,Research Article,Medium Impact,"Heo R, Negida A, Wyman-Chick K, Bateman J, Rodriguez-Porcel F, et al.",10.1002/trc2.70136,Current evidence supports the use of cholinesterase inhibitors (ChEIs) as the first-line symptomatic treatment for improving cognition in dementia with Lewy bodies (DLB). Little is known about current prescribing patterns of ChEIs in DLB. This study aimed to identify the patterns and predictors of ChEI prescribing in patients with DLB in the United States.,2025-10-19 00:02:31.96916+00,2025-10-20 15:37:57.678956+00,t,0,https://dqzaibcefjcxrldrggwh.supabase.co/storage/v1/object/public/publication-photos/6f063837-a7b3-4622-9e15-bb0130b56202.jpg
5b8de75c-92c3-452c-a981-fbb6c43348c8,40569267,Stereoelectroencephalography-guided radiofrequency thermocoagulation for drug-resistant epilepsy: A meta-analysis.,Epilepsia,2025,Research Article,Medium Impact,"Pichardo-Rojas P, Pichardo-Rojas D, Zarate-Duran C, Hjeala-Varas A, Sanchez-Velez R, et al.",10.1111/epi.18524,"In patients with focal drug-resistant epilepsy (DRE), resective epilepsy surgery correlates with high rates of remission. However, in cases where the epileptic region is deemed surgically inaccessible, or when it involves a complex network, stereoelectroencephalography-guided radiofrequency thermocoagulation (SEEG-RFTC) might be an alternative therapeutic strategy. However, most of the available evidence is limited to small observational studies. An updated meta-analysis is warranted to provide a comprehensive assessment of SEEG-RFTC in patients with DRE.",2025-10-19 00:02:32.228636+00,2025-10-20 00:51:58.643496+00,f,0,
4dba67ed-e8ba-412c-b9eb-8dd113755ddf,40923799,In Reply: The Low-Income and Middle-Income Countries' Perspective on Global Neurosurgery Collaborations.,Neurosurgery,2025,Research Article,Medium Impact,"Marchesini N, Kamalo P, Foroglou N, Garozzo D, Gonzalez-Lopez P, et al.",10.1227/neu.0000000000003553,"",2025-10-19 00:02:31.727652+00,2025-10-20 00:51:58.154853+00,f,0,
fae15321-5521-4a1a-a8d8-6049407bd475,36373353,Global Otolaryngology: Role of Low- and Middle-Income Country Researchers.,Otolaryngology--head and neck surgery : official journal of American Academy of Otolaryngology-Head and Neck Surgery,2023,Research Article,Medium Impact,"Djoutsop O, Ogunfolaji O, Ghaith H, Negida A, Kanmounye U",10.1177/01945998221117468,"",2025-10-19 00:02:36.877346+00,2025-10-20 00:52:03.885922+00,f,0,
745412a2-50e8-411b-9699-4c96b4ceaa24,39450675,Safety and efficacy of sodium benzoate for patients with mild Alzheimer's disease: a systematic review and meta-analysis.,Nutritional neuroscience,2025,Research Article,Medium Impact,"Mansour M, Ali A, Ibrahim M, Mousa A, Negida A",10.1080/1028415X.2024.2415867,"Alzheimer's disease (AD) is the most common neurodegenerative disorder. A key factor in its pathogenesis is the dysfunction of the N-methyl-D-aspartate (NMDA) receptor due to D-serine degradation by D-amino acid oxidase. Benzoate has been suggested to enhance NMDA receptor function, potentially benefiting early-phase AD. This study aimed to synthesize evidence from randomized clinical trials (RCTs) on the safety and efficacy of sodium benzoate in AD patients.",2025-10-19 00:02:33.499316+00,2025-10-20 00:59:12.80618+00,t,0,
2be7ef75-8776-4e3e-879b-1de7d408bc0d,38465778,Optimizing Screening for Intrastriatal Interventions in Huntington's Disease Using Predictive Models.,Movement disorders : official journal of the Movement Disorder Society,2024,Research Article,Medium Impact,"Barrett M, Negida A, Mukhopadhyay N, Kim J, Nawaz H, et al.",10.1002/mds.29749,"Intrastriatal delivery of potential therapeutics in Huntington's disease (HD) requires sufficient caudate and putamen volumes. Currently, volumetric magnetic resonance imaging is rarely done in clinical practice, and these data are not available in large research cohorts such as Enroll-HD.",2025-10-19 00:02:34.225694+00,2025-10-20 18:39:20.061047+00,t,0,https://dqzaibcefjcxrldrggwh.supabase.co/storage/v1/object/public/publication-photos/2be7ef75-8776-4e3e-879b-1de7d408bc0d.png
72e2ee77-130a-4014-b28f-e6e5a89e9405,38274915,Human Amniotic Membrane for Dural Repair and Duraplasty: A Systematic Review of Safety and Efficacy.,Cureus,2023,Research Article,Medium Impact,"Abbas A, Hamad A, Ballut O, El-Gayar R, Negida A, et al.",10.7759/cureus.51117,"The use of human amniotic membrane (HAM) has recently gained attention as a promising alternative option for duraplasty due to its superior tensile strength, elasticity, and anti-inflammatory and anti-fibrotic properties, offering greater durability and reliability compared to autologous grafts like the muscle fascia and pericranium. This systematic review aimed to evaluate the complications associated with duraplasty using HAM. We comprehensively searched the PubMed, Scopus, and Web of Science databases for studies on duraplasty with HAM. The eligibility criteria included studies on patients who underwent dural repair with duraplasty using HAM, with or without a control group. Duraplasty involves opening the dura mater, the protective covering of the brain and spinal cord, and using a graft to enlarge the space around the cerebellum. Dual repair, on the other hand, involves repairing the dura mater without opening it and then using a patch to enlarge the space around the cerebellum. Randomized controlled trials, observational studies, case series, and case reports were included, and quality assessment was conducted. Our search yielded 191 articles. Ten studies were included, with a total of 560 participants. The overall incidence of cerebrospinal fluid (CSF) leakage was three (0.63%) out of 478 in the HAM group and three (4.76%) out of 63 in the other methods group (pericranium, temporalis fascia, and biological dural substitutes). Regarding the incidence of postoperative complications, the overall incidence was eight (1.92%) out of 417&#xa0;in the HAM group and two (8%) out of 25 in the other methods group. The overall incidence of meningitis was one (0.67%) out of 150 in the HAM group and three (10%) out of 30 in the other methods group. In conclusion, duraplasty using HAM may be a safe and effective alternative to traditional methods, with a low incidence of CSF leakage and postoperative complications.",2025-10-19 00:02:34.465622+00,2025-10-20 00:52:09.515133+00,f,0,
85c58729-5178-4f8b-aed6-00b9bf716cfb,39026609,Rigid ring vs. flexible band for tricuspid valve repair in patients with tricuspid valve regurgitation: A systematic review and meta-analysis.,International journal of cardiology. Cardiovascular risk and prevention,2024,Research Article,Medium Impact,"Abdelaal S, Hefnawy M, Ewais E, Mostafa N, Abozaid A, et al.",10.1016/j.ijcrp.2024.200296,Rigid ring and Flexible band are techniques used to repair tricuspid valve regurgitation. The comparison between both techniques' effectiveness is controversial in the literature. We conducted this systematic review and meta-analysis to compare the safety and efficacy of rigid ring versus flexible band for tricuspid valve repair in patients with tricuspid valve regurgitation.,2025-10-19 00:02:33.978877+00,2025-10-20 00:52:00.541128+00,f,0,
a55e5a52-9eea-42d2-aecc-984686c24902,38334258,"Efficacy of the iron-chelating agent, deferiprone, in patients with Parkinson's disease: A systematic review and meta-analysis.",CNS neuroscience &amp; therapeutics,2024,Research Article,Medium Impact,"Negida A, Hassan N, Aboeldahab H, Zain Y, Negida Y, et al.",10.1111/cns.14607,"Several studies have reported iron accumulation in the basal ganglia to be associated with the development of Parkinson's Disease (PD). Recently, a few trials have examined the efficacy of using the iron-chelating agent Deferiprone (DFP) for patients with PD. We conducted this meta-analysis to summarize and synthesize evidence from published randomized controlled trials about the efficacy of DFP for PD patients.",2025-10-19 00:02:34.344904+00,2025-10-20 01:00:39.595172+00,t,0,
e5fe92b5-2ae4-43a5-a8dc-7b231f68301b,38231320,Efficacy of different routes of vitamin B12 supplementation for the treatment of patients with vitamin B12 deficiency: A systematic review and network meta-analysis.,Irish journal of medical science,2024,Research Article,Medium Impact,"Abdelwahab O, Abdelaziz A, Diab S, Khazragy A, Elboraay T, et al.",10.1007/s11845-023-03602-4,"This systematic review and network meta-analysis aimed to evaluate the three different administration routes of vitamin B12: oral, intramuscular (IM), and sublingual (SL) routes.",2025-10-19 00:02:34.588143+00,2025-10-20 00:52:01.163689+00,f,0,
d4c589fc-f22d-492d-acea-0120a3ada00c,39392305,The Low-Income and Middle-Income Countries' Perspective on Global Neurosurgery Collaborations.,Neurosurgery,2025,Research Article,Medium Impact,"Marchesini N, Kamalo P, Foroglou N, Garozzo D, Gonzalez-Lopez P, et al.",10.1227/neu.0000000000003230,"Access to neurosurgical care is limited in low-income and middle-income countries (LMICs) and in marginalized communities in high-income countries (HICs). International partnerships represent one possible means of addressing this issue. Insights from surgeons in HICs have been explored, but data from LMICs' counterparts are scarce. We aimed to study the perspectives of neurosurgeons and trainees from LMICs regarding global neurosurgery (GN) collaborations and interests, motivators, and challenges in participating.",2025-10-19 00:02:33.735736+00,2025-10-20 00:52:00.100743+00,f,0,
11e6f661-c497-4a61-8b05-80041eb90cc0,38020992,Characteristics of the clinical and global neurosurgical research publications from Africa: A scoping review.,Brain &amp; spine,2023,Research Article,Medium Impact,"Moawad M, Mektebi A, Rezkallah A, Fayad T, Sadeq M, et al.",10.1016/j.bas.2023.101746,"Scientific research has a direct, profound impact on healthcare systems worldwide. While an upward trend can be observed in the number of produced papers in the neurosurgical specialty, disparities still exist between African neurosurgeons on one side and between African neurosurgeons and neurosurgeons from high income countries, on the other.",2025-10-19 00:02:35.208091+00,2025-10-20 00:52:01.772422+00,f,0,
86c99001-aef5-4ab1-b22d-930bb25eb38e,37348602,Authorship Disparities in International Neurosurgical Research Collaborations: A Bibliometric Analysis.,World neurosurgery,2023,Research Article,Medium Impact,"Ham E, Perez-Chadid D, Wang Z, Abdi H, Shlobin N, et al.",10.1016/j.wneu.2023.06.044,"Research is pivotal to neurosurgical training and practice. The objectives of this study were to quantify neurosurgical research output by authors from low-income countries (LICs), using author affiliation as a proxy, and to understand the patterns of collaboration between LIC authors and their international partners.",2025-10-19 00:02:35.330084+00,2025-10-20 00:52:01.889152+00,f,0,
fa266934-3c89-4835-836f-1ebbc5408d1b,40495866,Taliban's war on educating girls and women must end now: A call for global actions.,Public health challenges,2023,Research Article,Medium Impact,"Qaderi S, Miranda A, Odey G, Musa S, Sy Lim L, et al.",10.1002/puh2.80,"",2025-10-19 00:02:35.568198+00,2025-10-20 00:52:02.125982+00,f,0,
b1aff308-a825-431a-ba0c-c0eaeb694358,38078960,The efficacy of Nile tilapia skin xenograft for treating superficial partial-thickness burn versus the standard of care: a meta-analysis of published trials.,Archives of dermatological research,2023,Research Article,Medium Impact,"Cadri S, Elrosasy A, Al Mawla A, Albakri K, Abdelwahab O, et al.",10.1007/s00403-023-02755-7,"",2025-10-19 00:02:34.952779+00,2025-10-20 00:52:26.989702+00,f,0,
5c67567f-3244-4bd4-8543-cfd1cc3c2ef4,36851114,Bell's Palsy and COVID-19 Vaccines: A Systematic Review and Meta-Analysis.,Vaccines,2023,Research Article,Medium Impact,"Albakri K, Khaity A, Atwan H, Saleh O, Al-Hajali M, et al.",10.3390/vaccines11020236,"Once the COVID-19 pandemic was declared, the world was waiting for the clue that would be able to cut down the progression of the disease. Vaccines play a crucial role in reducing the disease and saving many people worldwide. However, there are several side effects of these vaccines, like pain, fatigue, fever, and neurological defects like Bell's palsy. In this systematic review, we presented evidence about the occurrence of Bell's palsy followed by COVID-19 vaccination.",2025-10-19 00:02:35.930879+00,2025-10-20 00:52:02.487361+00,f,0,
70fc7635-25e5-4a64-929b-81e83c500e39,36816831,A Plea for More Robust Accountability Structures in the Global Strategy on Human Resources for Health: Workforce 2030.,International journal of public health,2023,Research Article,Medium Impact,"Ogunfolaji O, Ghaith H, Djoutsop O, Wafo C, Wafo D, et al.",10.3389/ijph.2023.1605603,"",2025-10-19 00:02:36.04661+00,2025-10-20 00:52:02.620733+00,f,0,
d759b4d7-201c-41ca-a54c-b2cb5e19c034,36378650,Global impact of COVID-19 on surgeons and team members (GlobalCOST): a cross-sectional study.,BMJ open,2022,Research Article,Medium Impact,"Jaffry Z, Raj S, Sallam A, Lyman S, Negida A, et al.",10.1136/bmjopen-2021-059873,To investigate the impact of COVID-19 on the well-being of surgeons and allied health professionals as well as the support provided by their institutions.,2025-10-19 00:02:36.759444+00,2025-10-20 00:52:03.76003+00,f,0,
61fd24ee-5233-4cb6-998b-01efbf1fb31a,36605388,Comprehensive and equitable approaches to the management of neurological conditions in low-and middle-income countries-A call to action.,Brain &amp; spine,2022,Research Article,Medium Impact,"Aukrust C, McNicholas R, Winkler A, Johnson W, Pattisapu J, et al.",10.1016/j.bas.2022.101701,"",2025-10-19 00:02:36.403264+00,2025-10-20 00:52:03.388871+00,f,0,
9f075be1-d690-4fcb-a213-a085c4715844,36506291,Neurosurgical training in the Caribbean.,Brain &amp; spine,2022,Research Article,Medium Impact,"Calderon C, Dos Santos Rubio E, Negida A, Park K",10.1016/j.bas.2022.101691,&#x2022;Neurosurgical training in the Caribbean has not been well-defined in published data.&#x2022;Neurosurgical programs are the framework for the delivery of surgical care.&#x2022;Maldistribution of the neurosurgery workforce is one of the challenges faced.&#x2022;Facilitating partnerships within the Caribbean would enhance regional solidarity.,2025-10-19 00:02:36.521531+00,2025-10-20 00:52:03.508467+00,f,0,
2265a586-c433-42fa-9223-658ded8cb97d,36632242,Do cerebral microbleeds increase the risk of dementia? A systematic review and meta-analysis.,IBRO neuroscience reports,2023,Research Article,Medium Impact,"Hussein A, Shawqi M, Bahbah E, Ragab B, Sunoqrot M, et al.",10.1016/j.ibneur.2022.12.009,"Dementia is a neurological disorder that commonly affects the elderly. Cerebral microbleeds (CMBs) are small, tiny lesions of the cerebral blood vessels and have been suggested as a possible risk factor for dementia. However, data about the association between CMBs and dementia risk are inconsistent and inconclusive. Therefore, we conducted this systematic review and meta-analysis to investigate the association between CMBs and dementia and highlight the possible explanations.",2025-10-19 00:02:36.282993+00,2025-10-20 00:58:31.031482+00,t,0,
cda435db-2aeb-4885-b1d1-ffa601c5567d,36463556,Tranexamic acid for patients with aneurysmal subarachnoid hemorrhage: a systematic review and meta-analysis of 2991 patients.,The International journal of neuroscience,2024,Research Article,Medium Impact,"Ghaith H, Gabra M, Ebada M, Dada O, Al-Shami H, et al.",10.1080/00207454.2022.2148957,We aimed to synthesize evidence from published clinical trials on the efficacy and safety of tranexamic acid (TXA) administration in patients with aneurysmal subarachnoid hemorrhage (aSAH).,2025-10-19 00:02:36.640951+00,2025-10-20 00:52:03.639874+00,f,0,
3c024f0e-4d8c-46bf-9705-0e89068965cd,35871179,"Intravenous thrombolysis before mechanical thrombectomy for acute ischemic stroke due to large vessel occlusion; should we cross that bridge? A systematic review and meta-analysis of 36,123 patients.",Neurological sciences : official journal of the Italian Neurological Society and of the Italian Society of Clinical Neurophysiology,2022,Research Article,Medium Impact,"Ghaith H, Elfil M, Gabra M, Nawar A, Abd-Alkhaleq M, et al.",10.1007/s10072-022-06283-6,The use of intravenous thrombolysis (IVT) before mechanical thrombectomy (MT) for acute ischemic stroke due to large vessel occlusion (AIS-LVO) is a debatable subject in the field of neuro-interventional surgery. We conducted this systematic review and meta-analysis to synthesize evidence from published studies on the outcomes of IVT&#x2009;+&#x2009;MT compared with MT alone in AIS-LVO patients.,2025-10-19 00:02:37.117056+00,2025-10-20 00:52:04.136888+00,f,0,
94991818-a65b-4955-8297-74f5f24e9492,41106089,Parkinson's disease mild cognitive impairment with MRI evidence of cholinergic nucleus 4 degeneration: A new subtype?,Parkinsonism & related disorders,2025,Research Article,Medium Impact,"Negida A, Vohra H, Lageman S, Mukhopadhyay N, Berman B, et al.",10.1016/j.parkreldis.2025.108072,"Subtyping Parkinson's disease with mild cognitive impairment (PD-MCI) into clinically and pathologically homogeneous groups could improve clinical trials and enable personalized treatments. Cholinergic nucleus 4 (Ch4) degeneration has been linked to cognitive decline in PD, suggesting a distinct PD-MCI subtype with worse prognosis.",2025-10-19 00:02:31.554459+00,2025-10-20 15:40:27.908674+00,t,0,https://dqzaibcefjcxrldrggwh.supabase.co/storage/v1/object/public/publication-photos/94991818-a65b-4955-8297-74f5f24e9492.png
f7c00483-fd86-47f7-8eaf-6a56e9e32e98,35864615,Microsurgery versus stereotactic radiosurgery for small petroclival meningiomas presenting with intractable trigeminal neuropathy: A historical cohort study.,Neurology India,2022,Research Article,Medium Impact,"Hegazy A, Al-Shami H, Arundhati B, Negida A, A Hafez R, et al.",10.4103/0028-3886.349681,Data on the outcomes of microsurgical resection (SR) and stereotactic gamma knife radiosurgery (GKRS) in patients with trigeminal neuralgia associated with small petrous apex meningiomas are scarce.,2025-10-19 00:02:37.23684+00,2025-10-20 00:52:04.253269+00,f,0,
dc7d4900-ba75-4ee9-87d1-d1fd5c1eaa5b,35744029,"Comment on Abbas et al. The Safety and Efficacy of Nusinersen in the Treatment of Spinal Muscular Atrophy: A Systematic Review and Meta-Analysis of Randomized Controlled Trials. Medicina 2022, 58, 213.","Medicina (Kaunas, Lithuania)",2022,Research Article,Medium Impact,"Aljabali A, Abdo M, Negida A",10.3390/medicina58060766,We read with interest the article by Abbas et al. [...].,2025-10-19 00:02:37.359357+00,2025-10-20 00:52:04.375289+00,f,0,
f792bc62-40e8-4bdd-aad5-50a9b7de3403,35609725,Neurosurgery Research Output in Ethiopia: A Scoping Review.,World neurosurgery,2022,Research Article,Medium Impact,"Abdi H, Wang Z, Ham E, Laeke T, Park K, et al.",10.1016/j.wneu.2022.05.053,"Neurosurgery-specific research plays a critical role in improving outcomes in patients with neurosurgical diseases. Despite the high burden of neurosurgical diseases in Ethiopia, little is known about types of neurosurgical research from Ethiopia. The goal of this scoping review is to assess the quantity and types of neurosurgical research published in peer-reviewed journals by authors from Ethiopia.",2025-10-19 00:02:37.609175+00,2025-10-20 00:52:04.613723+00,f,0,
ce75eaa3-e41c-4b20-a48f-573d517c24dc,39425031,Meta-analysis accelerator: a comprehensive tool for statistical data conversion in systematic reviews with meta-analysis.,BMC medical research methodology,2024,Research Article,Medium Impact,"Abbas A, Hefnawy M, Negida A",10.1186/s12874-024-02356-6,"Systematic review with meta-analysis integrates findings from multiple studies, offering robust conclusions on treatment effects and guiding evidence-based medicine. However, the process is often hampered by challenges such as inconsistent data reporting, complex calculations, and time constraints. Researchers must convert various statistical measures into a common format, which can be error-prone and labor-intensive without the right tools.",2025-10-19 00:02:33.61961+00,2025-10-20 00:51:59.984485+00,f,0,
54959811-a1ee-4779-8942-413951853d1b,38102200,Defensive medicine practices as a result of malpractice claims and workplace physical violence: a cross-sectional study from Egypt.,Scientific reports,2023,Research Article,Medium Impact,"Arafa A, Negida A, Elsheikh M, Emadeldin M, Hegazi H, et al.",10.1038/s41598-023-47720-6,"Defensive medicine refers to practices motivated mainly by legal rather than medical purposes. Increased healthcare costs, overutilization of medical services, and potential harm to patients from unnecessary procedures are among its drawbacks. We performed this study to assess the prevalence of defensive medicine practices in Egypt and their associations with experiencing malpractice claims and workplace physical violence. We investigated 1797 physicians (68.1% male), with an average age of 36.8&#x2009;&#xb1;&#x2009;9.1&#xa0;years, practicing in Egypt between January 14th and February 23rd, 2023. SPSS was used for statistical analysis. The majority reported engaging in defensive medicine practices. Specifically, 89.6% acknowledged avoiding high-risk procedures, 87.8% refrained from treating high-risk patients, 86.8% admitted to making unnecessary referrals, 84.9% acknowledged ordering unnecessary tests, 61.4% reported performing unnecessary procedures, and 56.4% disclosed prescribing unnecessary medications. Obstetricians and surgeons exhibited the highest rates of defensive medicine. Using linear regression analysis adjusted for age and sex, malpractice claims and workplace physical violence were associated with defensive medicine score (zero-100): &#x3b2;s (95% CIs)&#x2009;=&#x2009;5.05 (3.10, 6.99) and 5.60 (3.50, 7.71), respectively, (p values&#x2009;&lt;&#x2009;0.001). In conclusion, defensive medicine is deeply ingrained in the clinical routines of Egyptian physicians. Establishing a comprehensive national medical liability framework is required.",2025-10-19 00:02:34.834365+00,2025-10-20 00:52:01.403619+00,f,0,
f5e1e68a-7b41-4b6f-9c81-91356f335091,39097909,Determining the role of statins in Parkinson's disease risk reduction and disease modification: A comprehensive meta-analysis of 4 million participants' data.,CNS neuroscience &amp; therapeutics,2024,Research Article,Medium Impact,"Mady A, Nabil Y, Daoud A, Alnajjar A, Alsalloum T, et al.",10.1111/cns.14888,"Many observational studies have examined the association between statins and the incidence of Parkinson's disease (PD) in high-risk populations. On the other hand, clinical trials as well as other observational studies investigated the safety and efficacy of statins in slowing disease progression in PD patients. However, the evidence has been inconclusive in both questions. To that end, we conducted this systematic review and meta-analysis to synthesize evidence on the role of statins in decreasing the risk of PD among high-risk populations and as a possible disease-modifying agent for patients with PD.",2025-10-19 00:02:33.857842+00,2025-10-20 00:52:00.417978+00,f,0,
1b200b0e-6326-451b-96c1-fc692545fe46,38191056,The Landscape of Neurosurgical Oncology Adjunct Usage in Africa: A Scoping Review.,World neurosurgery,2024,Research Article,Medium Impact,"Adegboyega G, Jesuyajolu D, Sakaiwa N, Ogunfolaji O, Fadalla T, et al.",10.1016/j.wneu.2023.12.159,"Intraoperative neurosurgical adjuncts improve extent of resection whilst mitigating patient morbidity. The delivery of neurosurgical care via these adjuncts is the norm in high-income countries, but there is yet to be a study highlighting the usage of neurosurgical oncology adjuncts in Africa. This paper aims to provide awareness of the use of these adjuncts in Africa, reasons for limited procurement, and possible solutions to the problem.",2025-10-19 00:02:34.710147+00,2025-10-20 00:52:01.283915+00,f,0,
982ddf78-8a7b-46b5-8f12-f4de0d2d7152,39647323,Subthalamic nucleus versus globus pallidus internus deep brain stimulation in the treatment of dystonia: A systematic review and meta-analysis of safety and efficacy.,Journal of clinical neuroscience : official journal of the Neurosurgical Society of Australasia,2025,Research Article,Medium Impact,"Yousef O, Abbas A, Abdelmeseh M, Qafesha R, Nabil Y, et al.",10.1016/j.jocn.2024.110958,This systematic review and meta-analysis aimed to compare the efficacy and safety of deep brain stimulation (DBS) targeting subthalamic nucleus (STN) versus the globus pallidus internus (GPI) in the treatment of dystonia.,2025-10-19 00:02:32.847913+00,2025-10-20 00:51:59.254929+00,f,0,
308f835a-6ce5-4d6d-a0f1-b74c12ae09d8,36992160,Encephalitis following COVID-19 Vaccination: A Systematic Review.,Vaccines,2023,Research Article,Medium Impact,"Abdelhady M, Husain M, Hawas Y, Elazb M, Mansour L, et al.",10.3390/vaccines11030576,"Since the advent of global COVID-19 vaccination, several studies reported cases of encephalitis with its various subtypes following COVID-19 vaccinations. In this regard, we conducted a systematic review to investigate and characterize the clinical settings of these reported cases to aid in physician awareness and proper care provision.",2025-10-19 00:02:35.689006+00,2025-10-20 00:52:02.241932+00,f,0,
a350494f-953c-44ea-95d0-b88862f07572,36679851,COVID-19 Risk Perception and Adherence to Preventive Measures among Medical Students after Receiving COVID-19 Vaccination: A Multicenter Cross-Sectional Study in Egypt.,Vaccines,2022,Research Article,Medium Impact,"Hamad A, Selim R, Amer B, Diab R, Elazb M, et al.",10.3390/vaccines11010007,"This study aimed to assess the perception of COVID-19 risk and the adherence to protective measures among medical students after vaccination. We conducted a cross-sectional survey on a convenience sample of students from all the 18 governmental medical schools in Egypt. A total of 2273 students participated in the online self-administered questionnaire. Around 8 in 10 (83.2%) students were fully vaccinated, of which 17.9% received the booster dose. Only 36.9% believed that COVID-19 is serious on the individual level. The majority (73.9%) strongly or slightly agreed they may become infected after vaccination if they do not follow the preventive measures. We observed a slow decline in the perceived risk of vulnerability and susceptibility to COVID-19 infection among students in parallel to a growing perception of self-efficacy and controllability. Less than one-third (28.9%) of students showed good adherence to protective measures. However, this was lower than the previously reported adherence in the same population before vaccination. Female students, those in the first academic year, those who did not contract COVID-19 infection before, and those with a higher perception of susceptibility and perceived controllability were more likely to perform better at protective measures.",2025-10-19 00:02:36.164189+00,2025-10-20 00:52:02.743601+00,f,0,
81fb3eb1-79eb-4cce-8806-c5f3465ab053,36205810,Physical therapy interventions for the management of hand tremors in patients with Parkinson's disease: a systematic review.,Neurological sciences : official journal of the Italian Neurological Society and of the Italian Society of Clinical Neurophysiology,2023,Research Article,Medium Impact,"Shahien M, Elaraby A, Gamal M, Abdelazim E, Abdelazeem B, et al.",10.1007/s10072-022-06420-1,"Several physical therapy modalities have been used to improve hand tremors in patients with Parkinson's disease (PD). However, little is known about the efficacy of these techniques. Therefore, we conducted this study to synthesize evidence from published studies on the efficacy of physical therapy techniques for hand tremors in PD patients.",2025-10-19 00:02:36.999598+00,2025-10-20 00:52:04.018671+00,f,0,
0b7a14ba-816f-441b-b9c8-5718e91939ea,39560794,Comparative efficacy of awake and asleep motor mapping in glioma surgery: A meta-analysis of 3011 patients.,Neurosurgical review,2024,Research Article,Medium Impact,"Abo-Elnour D, Pichardo-Rojas P, Abdalla Y, Salama M, Elboraay T, et al.",10.1007/s10143-024-03080-x,"Standard of care in glioma surgery involves maximal-safe resection. Intraoperative stimulation mapping can improve the extent of resection in eloquent area tumors. Resection is performed during awake craniotomy (AC) or under general anesthesia (GA). Considering the advances in glioma management, an updated meta-analysis is needed. We identified studies evaluating surgical outcomes in adult patients undergoing glioma resection in motor areas, comparing AC and GA mapping until November 2023. Twenty-four observational studies and one randomized controlled trial met our inclusion criteria, adding 3011 patients. The mean extent of resection was 92.2% (95%CI&#x2009;=&#x2009;89.9%-94.5%) for AC and 92.5% (95%CI&#x2009;=&#x2009;89.6%-95.3%) for GA. Immediate deficit revealed a nonsignificant risk ratio (RR) of 0.96 favoring AC (95%CI&#x2009;=&#x2009;0.66-1.41, p&#x2009;=&#x2009;0.84). Similarly, long-term deficits showed a nonsignificant RR of 1.33 favoring GA (95%CI&#x2009;=&#x2009;0.91-1.95, p&#x2009;=&#x2009;0.14). Karnofsky performance score (KPS) analysis revealed a nonsignificant mean difference of 2.32 favoring GA (95%CI&#x2009;=&#x2009;-6.10-10.73, p&#x2009;=&#x2009;0.59). Intraoperative stimulation-induced seizures analysis yielded a nonsignificant RR of 0.73 (95% CI&#x2009;=&#x2009;0.27-1.97, p&#x2009;=&#x2009;0.53) favoring AC. Postoperative seizure analysis showed a significant RR of 0.64 (95% CI&#x2009;=&#x2009;0.44-0.94, p&#x2009;=&#x2009;0.02) favoring AC. This meta-analysis suggests that AC and GA are comparable approaches to maximize extent of resection and achieve safe resection in eloquent glioma surgery. These findings can offer guidance to neurosurgeons in the decision-making process.",2025-10-19 00:02:33.098367+00,2025-10-20 00:51:59.508415+00,f,0,
a182b7ec-15e4-4e5f-a6bc-ddcdccafa441,36905184,Efficacy of therapeutic plasma exchange in patients with severe COVID-19: A systematic review and meta-analysis.,Reviews in medical virology,2023,Research Article,Medium Impact,"Abdelwahab O, Diab R, Elsaeidy K, Albakri K, El-Samahy M, et al.",10.1002/rmv.2435,"We conducted this systematic review and meta-analysis to evaluate the existing evidence and to quantitatively synthesise evidence on the impact of therapeutic plasma exchange (TPE) on severe COVID-19 patients. This systematic review and&#xa0;meta-analysis protocol was prospectively registered on PROSPERO (CRD42022316331). We systemically searched six electronic databases (PubMed, Scopus, Web of Science, ScienceDirect, clinicaltrial.gov, and Cochrane Central Register of Controlled Trials) from inception until 1 June 2022. We included studies comparing patients who received TPE versus those who received the standard treatment. For risk of bias assessment, we used the Cochrane risk of bias assessment tool, the ROBINS1 tool, and the Newcastle Ottawa scale for RCTs, non-RCTs, and observational studies, respectively. Continuous data were pooled as standardized mean difference (SMD), and dichotomous data were pooled as risk ratio in the random effect model with the corresponding 95% confidence intervals (CI). Thirteen studies (one randomized controlled trials (RCT) and 12 non-RCTs) were included in the meta-analysis, with a total of 829 patients. There is a moderate-quality evidence from one RCT that TPE reduces the lactic dehydrogenase (LDH) levels (SMD -1.09, 95% CI [-1.59 to -0.60]), D-dimer (SMD -0.86, 95% CI [-1.34 to -0.37]), and ferritin (SMD -0.70, 95% CI [-1.18 to -0.23]), and increases the absolute lymphocyte count (SMD 0.54, 95% CI [0.07-1.01]), There is low-quality evidence from mixed-design studies that TPE was associated with lower mortality (relative risk 0.51, 95% CI [0.35-0.74]), lower IL-6 (SMD -0.91, 95% CI [-1.19 to -0.63]), and lower ferritin (SMD -0.51, 95% CI [-0.80 to -0.22]) compared to the standard control. Among severely affected COVID-19 patients, TPE might provide benefits such as decreasing the mortality rate, LDH, D-dimer, IL-6, and ferritin, in addition to increasing the higher absolute lymphocyte count. Further well-designed RCTs are needed.",2025-10-19 00:02:35.807591+00,2025-10-20 00:52:02.365886+00,f,0,
fd4f5713-4f3c-4e75-acb5-ea63f2ad0029,37211844,"The Role of Non-coding RNAs in Alzheimer's Disease: Pathogenesis, Novel Biomarkers, and Potential Therapeutic Targets.",CNS &amp; neurological disorders drug targets,2024,Research Article,Medium Impact,"Saleh O, Albakri K, Altiti A, Abutair I, Shalan S, et al.",10.2174/1871527322666230519113201,"Long non-coding RNAs (IncRNAs) are regulatory RNA transcripts that have recently been associated with the onset of many neurodegenerative illnesses, including Alzheimer's disease (AD). Several IncRNAs have been found to be associated with AD pathophysiology, each with a distinct mechanism. In this review, we focused on the role of IncRNAs in the pathogenesis of AD and their potential as novel biomarkers and therapeutic targets. Searching for relevant articles was done using the PubMed and Cochrane library databases. Studies had to be published in full text in English in order to be considered. Some IncRNAs were found to be upregulated, while others were downregulated. Dysregulation of IncRNAs expression may contribute to AD pathogenesis. Their effects manifest as the synthesis of beta-amyloid (A&#x3b2;) plaques increases, thereby altering neuronal plasticity, inducing inflammation, and promoting apoptosis. Despite the need for more investigations, IncRNAs could potentially increase the sensitivity of early detection of AD. Until now, there has been no effective treatment for AD. Hence, InRNAs are promising molecules and may serve as potential therapeutic targets. Although several dysregulated AD-associated lncRNAs have been discovered, the functional characterization of most lncRNAs is still lacking.",2025-10-19 00:02:35.449381+00,2025-10-20 00:58:38.394642+00,t,0,
ab5bdb10-b005-4250-bc8e-3e1cce949650,35697226,Global Neurosurgery in the Context of Global Public Health Practice-A Literature Review of Case Studies.,World neurosurgery,2022,Research Article,Medium Impact,"Veerappan V, Gabriel P, Shlobin N, Marks K, Ooi S, et al.",10.1016/j.wneu.2022.06.022,"Neurosurgical conditions are a substantial contributor to surgical burden worldwide, with low- and middle-income countries carrying a disproportionately large part. Policy initiatives such as the National Surgical, Obstetrics and Anesthesia Plans and Comprehensive Policy Recommendations for the Management of Spina Bifida and Hydrocephalus in Low-and-Middle-Income countries have highlighted the need for an intersectoral approach, not just at the hospital level but on a large scale encompassing national public health strategies. This article aims to show through case studies how addressing this surgical burden is not limited to the clinical context but extends to public health strategies as well. For example, vitamin B12 and folic acid are micronutrients that, if not at adequate levels, can result in debilitating neurosurgical conditions. In Ethiopia, through coalesced efforts between neurosurgeons and policy makers, the government has made strides in implementing food fortification programs at a national level to address the neurosurgical burden. Traumatic brain injuries (TBIs) are another neurosurgical burden that unevenly affects LMICs. Countries such as Colombia and India have shown the importance of legislation and enforcement, coupled with robust data collection and auditing systems; strong academic advocacy of neurosurgeons can drastically reduce TBIs. Despite the importance of public health efforts in addressing neurosurgical conditions, there is a lack of neurosurgeon involvement in public health and lack of integration of neurosurgical burden in national health planning systems. It is imperative that neurosurgeons advocate for and are included in aspects of public health policy. Neurosurgery does not stop within the bounds of the hospital, and neither should the role of a neurosurgeon.",2025-10-19 00:02:37.480392+00,2025-10-20 00:52:04.492279+00,f,0,
8d99a546-14f2-41bb-814f-92f20698cf56,38738124,Cardiovascular Disease and Stroke Risk Among Egyptian Resident Physicians: A Cross-Sectional Multicenter Study.,Cureus,2024,Research Article,Medium Impact,"Ramadan A, Soliman M, Hamad A, El-Samahy M, Roshdy M, et al.",10.7759/cureus.58024,"Cardiovascular diseases (CVDs) are the leading cause of death worldwide and are considered silent killers that threaten different age groups. The stressful lifestyle of resident physicians might make them vulnerable to CVDs. Since 2021, Egypt has recently reported more frequent sudden deaths of junior physicians after long shifts. Many factors can be associated with this prevalence, such as diabetes mellitus, increased blood pressure, or a sedentary lifestyle. Therefore, this study aimed to estimate the risk of developing heart attack and stroke within 10 years among resident physicians in Egypt with the goal of informing health policymakers to improve the healthcare systems for Egyptian physicians.",2025-10-19 00:02:34.106297+00,2025-10-20 00:52:00.66629+00,f,0,
c50f870d-a76c-4650-9f57-dfcf9ae4d5f9,38021027,Glioblastoma management in low and middle-income countries; existing challenges and policy recommendations.,Brain &amp; spine,2023,Research Article,Medium Impact,"Tebha S, Ali Memon S, Mehmood Q, Mukherjee D, Abdi H, et al.",10.1016/j.bas.2023.101775,"Glioblastomas (GBM) are the most prevalent malignant CNS tumors globally, affecting about 3.19 per 100,000 people. The standard of care of GBM management includes surgical resection followed by radiotherapy and/or chemotherapy owing to the high recurrent rates. Despite the advances in neurosurgical practice and brain cancer research, low- and middle-income countries (LMICs) did not benefit greatly from these advances compared to high-income countries (HICs). First, the case ascertainment is low in LMICs, which contributes to a lower than actual disease burden and delayed presentation of the tumors with a worse prognosis. Second, GBM treatment is expensive; unregulated radiation and chemotherapy costs can expose the patients to financial hardships and lead to treatment discontinuation. Third, the lack of trained neurosurgical workforce in poor resource settings in LMICs further complicates the situation. Fourth, radiation therapy and chemotherapies are expensive and unavailable in many poor-resource settings in LMICs. Fifth, LMICs suffer from a weak infrastructure especially with low numbers of prepared ORs, laboratories, and advanced imaging techniques. In the present article, we highlight the major challenges of GBM management and further propose solutions for governments and health policy makers to improve GBM care in LMICs.",2025-10-19 00:02:35.084351+00,2025-10-20 00:52:01.647438+00,f,0,
ee5c5fd4-8291-46da-b759-477d2cd1fdaa,40155878,Multimodal diagnostic tools and advanced data models for detection of prodromal Parkinson's disease,BMC medical imaging,2025,Research Article,Medium Impact,"Serag I, Azzam A, Hassan A, Diab R, Diab M, et al.",10.1186/s12880-025-01620-5,"Advanced diagnostic modalities such as AI-driven models and multimodal neuroimaging revealed promising results in the early detection of prodromal PD. However, their clinical application as a screening tool for prodromal PD is limited because of the lack of validation. Future research should be directed towards using Multimodal imaging in diagnosing and screening for prodromal PD.",2025-10-19 00:02:32.348347+00,2025-10-20 19:35:23.499474+00,t,3,https://dqzaibcefjcxrldrggwh.supabase.co/storage/v1/object/public/publication-photos/ee5c5fd4-8291-46da-b759-477d2cd1fdaa.jpg
fa44c64a-93e8-47fb-b44a-603dcf79b94c,39493124,Neuropsychological Determinants of Impairment in Activities of Daily Living in Patients With Lewy Body Dementia.,Cureus,2024,Research Article,Medium Impact,"Desai N, Nawaz H, Mukhopadhyay N, Wyman-Chick K, Lageman S, et al.",10.7759/cureus.70762,"Background Understanding the specific cognitive domains associated with activities of daily living (ADLs) impairment in Lewy body dementia (LBD) may help identify which targeted therapeutic interventions to pursue in future research. This study aimed to investigate the neuropsychological determinants of impairment in ADLs in LBD patients. Methods We conducted a cross-sectional study of LBD patients referred for a clinical neuropsychological evaluation within the Parkinson's Disease and Movement Disorders Center at Virginia Commonwealth University. The presence or absence of impairment in eight ADLs and neuropsychological test performances were collected and analyzed. Cluster analysis and hierarchical analysis were used to define ADL impairment into mild, moderate, and severe ADL impairment groups. We then compared cognitive performance between the ADL groups. Results This study included 193 LBD patients. Compared to LBD patients with mild and moderate ADL impairment, those with severe ADL impairment had worse scores in global cognition as measured by the Dementia Rating Scale-2 (DRS-2) (p=0.002), speeded visuospatial processing as measured by the Trail Making Test A (p=0.001), speeded executive functioning as measured by the Trail Making Test B (p=0.006), and psychomotor processing speed (p&lt;0.001). Impairments in driving and self-care were associated with worse performances on Trail Making Test A, Trail Making Test B, and psychomotor processing speed (all p&lt;0.05). Conclusions In patients with LBD, impaired speeded tasks of visual processing and executive functioning are associated with impaired ADLs, particularly driving and self-care. In order to improve ADLs in LBD, future studies should focus on identifying therapies that improve processing speed performance.",2025-10-19 00:02:33.370602+00,2025-10-20 18:39:59.277911+00,t,5,https://dqzaibcefjcxrldrggwh.supabase.co/storage/v1/object/public/publication-photos/fa44c64a-93e8-47fb-b44a-603dcf79b94c.png
